Destination_code,Origin_code,MSE
TJK,EST,14.21728201
TJK,NOR,12.74622659
TJK,SWE,6.278072783
TJK,POL,5.408999692
TJK,AZE,4.971453545
TJK,THA,4.509292591
TJK,TKM,4.232558359
TJK,AFG,3.808436845
TJK,GBR,3.455003116
TJK,AUT,3.331162113
TJK,SAU,3.26810035
TJK,ITA,2.822291373
TJK,ESP,2.80507563
TJK,FRA,2.779406709
TJK,UKR,2.213706793
TJK,KGZ,2.12577099
TJK,PRK,1.971958972
TJK,ARE,1.502924676
TJK,AUS,1.400174739
TJK,MNG,0.920902021
TJK,COL,0.711090551
TJK,DEU,0.570350094
TJK,IRN,0.564482876
TJK,PAK,0.435780919
TJK,JOR,0.32140484
TJK,USA,0.290316116
TJK,RUS,0.289069059
TJK,IRQ,0.286387721
TJK,KWT,0.262977003
TJK,BEL,0.203472024
TJK,EGY,0.186754018
TJK,LBN,0.158487385
TJK,TUR,0.135854574
TJK,SVK,0.054399607
TJK,KAZ,0.000789626
SLE,KAZ,14.5020156
SLE,DZA,6.27504572
SLE,JAM,5.256209337
SLE,JOR,4.754061248
SLE,GAB,4.652736577
SLE,AGO,4.083083075
SLE,CHL,3.898073291
SLE,RWA,3.851509959
SLE,SDN,3.513386557
SLE,NGA,3.311118643
SLE,GHA,3.119599649
SLE,NLD,3.071469354
SLE,BDI,2.942055994
SLE,BEL,2.64104273
SLE,MNG,2.510644757
SLE,CYP,2.029199292
SLE,CZE,1.859303006
SLE,LKA,1.611706403
SLE,GIN,1.535940917
SLE,AZE,1.500987516
SLE,PRK,1.466311232
SLE,HRV,1.296968777
SLE,MDG,1.271966129
SLE,LBN,1.263145152
SLE,MWI,1.20262182
SLE,BRA,1.191817425
SLE,BWA,0.9879766
SLE,JPN,0.92211771
SLE,LBR,0.874277289
SLE,ARG,0.855987268
SLE,CMR,0.806624198
SLE,MOZ,0.788490766
SLE,ISR,0.735622584
SLE,ZAF,0.731557075
SLE,CIV,0.714816369
SLE,NZL,0.71374897
SLE,SOM,0.706742815
SLE,CAN,0.703172992
SLE,PHL,0.648872668
SLE,IDN,0.615990596
SLE,ECU,0.594417804
SLE,DEU,0.577411049
SLE,IND,0.575969294
SLE,BEN,0.544381063
SLE,TGO,0.533672363
SLE,FRA,0.469364596
SLE,CAF,0.456195873
SLE,SLV,0.444296378
SLE,NPL,0.411756391
SLE,BFA,0.396355194
SLE,RUS,0.390759126
SLE,VNM,0.375222805
SLE,LBY,0.35548215
SLE,UKR,0.33374003
SLE,DJI,0.279370872
SLE,MRT,0.248220819
SLE,NER,0.222789521
SLE,BGD,0.201860945
SLE,EGY,0.194307163
SLE,GMB,0.191015201
SLE,PER,0.181919883
SLE,SEN,0.175245208
SLE,IRL,0.169327699
SLE,PSE,0.165819301
SLE,IRN,0.157637769
SLE,TTO,0.152821697
SLE,ZWE,0.151887033
SLE,LCA,0.140791748
SLE,ITA,0.10532925
SLE,MLI,0.103637172
SLE,ARE,0.097010246
SLE,GNQ,0.096595381
SLE,THA,0.083081831
SLE,HTI,0.079019835
SLE,HUN,0.074787869
SLE,COG,0.074541093
SLE,IRQ,0.065357396
SLE,PRT,0.062748785
SLE,USA,0.055718213
SLE,MEX,0.053993229
SLE,VEN,0.047377856
SLE,MLT,0.043553715
SLE,AUS,0.038306044
SLE,CHE,0.03794525
SLE,PAK,0.035758375
SLE,TZA,0.019467195
SLE,ETH,0.016280728
SLE,SYR,0.014072988
SLE,CHN,0.013553563
SLE,SAU,0.009684576
SLE,LSO,0.008407369
SLE,GRC,0.004837073
SLE,SWE,0.003754901
SLE,ESP,0.003450126
SLE,CUB,0.000940705
SLE,GBR,0.000473464
SLE,NOR,0.000408165
SLE,ZMB,7.94E-07
SLE,DNK,8.07E-08
SUR,CUB,4.414802612
SUR,NGA,3.889180537
SUR,HND,1.959406147
SUR,FRA,1.510792899
SUR,ABW,1.494895926
SUR,LBN,1.301816002
SUR,NPL,1.201884696
SUR,SYR,0.965008659
SUR,MAR,0.946218154
SUR,MUS,0.92925416
SUR,SLV,0.897149082
SUR,ITA,0.814843611
SUR,DMA,0.780578235
SUR,MDV,0.557562952
SUR,PAN,0.48960688
SUR,VCT,0.416203089
SUR,VEN,0.384729758
SUR,GTM,0.342887781
SUR,CHL,0.337521812
SUR,PRT,0.329386387
SUR,ISR,0.290081168
SUR,SAU,0.279130058
SUR,PRY,0.233291421
SUR,ETH,0.208774264
SUR,SGP,0.193663815
SUR,NZL,0.193207963
SUR,PER,0.19046287
SUR,ECU,0.162445224
SUR,GUY,0.16055236
SUR,FJI,0.156558708
SUR,BRB,0.150239169
SUR,BEL,0.144549705
SUR,JAM,0.140375859
SUR,RUS,0.138658343
SUR,ATG,0.1383287
SUR,IRQ,0.136049712
SUR,PHL,0.130144953
SUR,TTO,0.127209439
SUR,LVA,0.117136417
SUR,IDN,0.110182171
SUR,GBR,0.095836672
SUR,USA,0.091000889
SUR,MYS,0.082737003
SUR,PNG,0.079434773
SUR,BLZ,0.076783503
SUR,CHN,0.069219947
SUR,BHS,0.050120428
SUR,ISL,0.040864942
SUR,VUT,0.034236383
SUR,IRN,0.028248299
SUR,BOL,0.022333047
SUR,NLD,0.021434967
SUR,MNG,0.020383302
SUR,EGY,0.019680019
SUR,BGR,0.017478461
SUR,ARG,0.013842856
SUR,DEU,0.013781533
SUR,CRI,0.012669109
SUR,COL,0.011999716
SUR,LCA,0.011901752
SUR,IND,0.009013809
SUR,BRA,0.008013961
SUR,JPN,0.005485091
SUR,TUR,0.005148244
SUR,URY,0.004234187
SUR,CHE,0.003985463
SUR,THA,0.001353255
SUR,CAN,0.001282381
SUR,KNA,0.001003219
SUR,BFA,0.000675752
SUR,GRD,0.000465747
SUR,MEX,0.000459366
SUR,ESP,0.000383721
SUR,PAK,5.60E-06
MDV,GMB,11.96194638
MDV,MLI,6.215123711
MDV,ATG,6.137382616
MDV,SWZ,2.556334411
MDV,GIN,2.382673889
MDV,DMA,2.235864271
MDV,MRT,1.797466068
MDV,MAC,1.763490261
MDV,SOM,1.712802337
MDV,LBR,1.153134874
MDV,HND,1.038722017
MDV,MHL,0.813129283
MDV,BWA,0.795119988
MDV,VNM,0.729744198
MDV,BHS,0.517426144
MDV,COG,0.505881054
MDV,SLE,0.497480056
MDV,HTI,0.447039222
MDV,ISL,0.446799965
MDV,WSM,0.431990339
MDV,KHM,0.392460943
MDV,PNG,0.39021086
MDV,CRI,0.390159144
MDV,NAM,0.35582526
MDV,NPL,0.344580334
MDV,FJI,0.335705647
MDV,TKM,0.323940551
MDV,GUY,0.308913752
MDV,PRK,0.305057075
MDV,BGD,0.304199512
MDV,SLV,0.298131833
MDV,COL,0.280524924
MDV,GTM,0.257496903
MDV,DZA,0.237720525
MDV,SLB,0.225432853
MDV,ECU,0.214389683
MDV,ZWE,0.208494286
MDV,IRQ,0.207770406
MDV,LSO,0.203951063
MDV,JAM,0.196159213
MDV,URY,0.191406368
MDV,GRD,0.190427791
MDV,VEN,0.180972738
MDV,YEM,0.179773258
MDV,QAT,0.173863822
MDV,ZMB,0.170068659
MDV,DNK,0.156780092
MDV,MWI,0.154016386
MDV,BGR,0.149884003
MDV,MKD,0.149707053
MDV,AGO,0.143225711
MDV,KGZ,0.141326382
MDV,PLW,0.140119984
MDV,BEN,0.133000749
MDV,ARG,0.128547036
MDV,LCA,0.127956309
MDV,PAK,0.119679345
MDV,KIR,0.118854726
MDV,TCD,0.117970688
MDV,VUT,0.117484764
MDV,THA,0.114597654
MDV,SGP,0.113948594
MDV,MDA,0.112270758
MDV,OMN,0.111902661
MDV,KWT,0.110647335
MDV,DJI,0.107365375
MDV,FRA,0.107278842
MDV,AZE,0.1040542
MDV,SRB,0.10400676
MDV,CHN,0.102459266
MDV,PHL,0.101545506
MDV,CHL,0.094825638
MDV,TTO,0.081567285
MDV,GHA,0.077396611
MDV,BLR,0.07599096
MDV,SEN,0.074657557
MDV,CUB,0.073074177
MDV,COD,0.068967212
MDV,CPV,0.063147866
MDV,COM,0.061768699
MDV,KNA,0.058645793
MDV,MCO,0.054267571
MDV,HRV,0.053923522
MDV,SYR,0.051455168
MDV,RUS,0.048789058
MDV,BHR,0.048336795
MDV,SVK,0.048098449
MDV,NIC,0.047907028
MDV,CHE,0.04640997
MDV,IND,0.044393824
MDV,SDN,0.043581237
MDV,MOZ,0.042684203
MDV,KOR,0.042656218
MDV,UGA,0.042336177
MDV,ISR,0.042226166
MDV,ZAF,0.042157511
MDV,NGA,0.041861721
MDV,EGY,0.041595547
MDV,SWE,0.041496588
MDV,LUX,0.041366032
MDV,ALB,0.04082645
MDV,FIN,0.039779141
MDV,KEN,0.039704716
MDV,HUN,0.038601882
MDV,AUT,0.038437861
MDV,RWA,0.038307736
MDV,MAR,0.037209997
MDV,JPN,0.035042734
MDV,ESP,0.034754365
MDV,EST,0.032434114
MDV,CYP,0.026755963
MDV,LBY,0.025611589
MDV,CZE,0.025275151
MDV,LKA,0.023304287
MDV,TJK,0.023144405
MDV,BLZ,0.022819155
MDV,IDN,0.022094762
MDV,MNG,0.021812678
MDV,SAU,0.021533065
MDV,BEL,0.020422718
MDV,LTU,0.020045241
MDV,MMR,0.01765
MDV,DEU,0.017160169
MDV,BRA,0.017015947
MDV,BRB,0.016604489
MDV,CMR,0.014993212
MDV,UKR,0.012927204
MDV,GBR,0.011350557
MDV,NLD,0.009687653
MDV,DOM,0.009038684
MDV,TZA,0.008477901
MDV,ARM,0.008387512
MDV,BRN,0.008211894
MDV,USA,0.007692451
MDV,CAN,0.006925204
MDV,UZB,0.006319931
MDV,MUS,0.006123096
MDV,SMR,0.006093859
MDV,ETH,0.005868778
MDV,KAZ,0.005055404
MDV,NOR,0.004449617
MDV,GRC,0.003689025
MDV,MDG,0.003585527
MDV,NZL,0.003394159
MDV,BOL,0.003325011
MDV,ITA,0.003319468
MDV,LBN,0.002595215
MDV,PER,0.002581295
MDV,TUR,0.001919055
MDV,LAO,0.001756035
MDV,MYS,0.001745139
MDV,NER,0.001610462
MDV,POL,0.001565831
MDV,MEX,0.001550914
MDV,TWN,0.000938965
MDV,IRL,0.00081629
MDV,PAN,0.00080046
MDV,AFG,0.000733126
MDV,AUS,0.000731326
MDV,LVA,0.000645988
MDV,JOR,0.000516882
MDV,TUN,0.000488823
MDV,MLT,0.000458786
MDV,ARE,0.000414497
MDV,IRN,0.000133868
MDV,BTN,8.07E-05
MDV,PRT,3.15E-05
MDV,SYC,5.59E-06
MDV,PSE,4.08E-06
RUS,FSM,5.943448858
RUS,VUT,4.044493766
RUS,TUV,1.911066468
RUS,MMR,1.506980941
RUS,MWI,1.501763851
RUS,BRB,1.107038154
RUS,UZB,1.086849451
RUS,KEN,1.08313674
RUS,SOM,1.03800381
RUS,KIR,1.022696902
RUS,SWZ,0.929510943
RUS,WSM,0.915070253
RUS,BDI,0.90625947
RUS,SLV,0.895757571
RUS,BMU,0.855378508
RUS,CPV,0.851031514
RUS,RWA,0.751342055
RUS,TGO,0.729376213
RUS,SLB,0.690051293
RUS,SAU,0.622924755
RUS,BLR,0.566857554
RUS,TJK,0.54013592
RUS,SYC,0.515357943
RUS,DMA,0.513518712
RUS,ETH,0.504242695
RUS,MOZ,0.50005546
RUS,POL,0.464922939
RUS,TUN,0.460427979
RUS,PHL,0.452306703
RUS,GIN,0.439669439
RUS,GMB,0.428298721
RUS,CUB,0.425178028
RUS,SEN,0.400866882
RUS,MAR,0.390466839
RUS,SYR,0.387567319
RUS,TZA,0.378538723
RUS,JAM,0.377374464
RUS,CMR,0.370394677
RUS,IRN,0.356223553
RUS,TON,0.352102337
RUS,LTU,0.346204969
RUS,LKA,0.342519567
RUS,HRV,0.300875019
RUS,UGA,0.299722022
RUS,COD,0.296309073
RUS,DNK,0.276528777
RUS,VNM,0.275028696
RUS,LSO,0.26450455
RUS,MDA,0.258412088
RUS,ALB,0.254724174
RUS,SRB,0.252773068
RUS,ATG,0.251676304
RUS,CZE,0.248847672
RUS,YEM,0.243457642
RUS,HTI,0.241560966
RUS,CAF,0.240613234
RUS,GRC,0.239162863
RUS,MYS,0.233358668
RUS,AFG,0.22924424
RUS,MDG,0.226348563
RUS,TKM,0.210734606
RUS,NPL,0.210299453
RUS,FJI,0.203167593
RUS,EGY,0.199591623
RUS,TUR,0.196890697
RUS,SWE,0.196509394
RUS,BGR,0.193498661
RUS,LVA,0.186064837
RUS,SGP,0.184060131
RUS,IDN,0.183895922
RUS,LBY,0.183160279
RUS,KGZ,0.181953876
RUS,GUY,0.179570328
RUS,MCO,0.176721797
RUS,DOM,0.176477362
RUS,PAK,0.168353587
RUS,PNG,0.168245721
RUS,AND,0.16473984
RUS,BWA,0.164724728
RUS,JOR,0.164712219
RUS,PRK,0.161865959
RUS,FIN,0.161298316
RUS,CHL,0.151840133
RUS,HUN,0.149417944
RUS,NLD,0.149344838
RUS,ARM,0.146827411
RUS,AUT,0.144725093
RUS,PSE,0.143664725
RUS,BOL,0.138515989
RUS,LAO,0.138015836
RUS,GBR,0.13738292
RUS,IND,0.134666107
RUS,SLE,0.131153803
RUS,NGA,0.12374497
RUS,LBN,0.122351058
RUS,BLZ,0.121540134
RUS,GHA,0.115231104
RUS,GNQ,0.113660223
RUS,MNG,0.107931166
RUS,FRA,0.103141087
RUS,KWT,0.098789115
RUS,AZE,0.09844844
RUS,VEN,0.095779003
RUS,ITA,0.093712822
RUS,BHS,0.08847358
RUS,KAZ,0.087501238
RUS,BRN,0.085347844
RUS,LUX,0.084409637
RUS,HND,0.080923605
RUS,NOR,0.078443935
RUS,DEU,0.07685587
RUS,BEN,0.076550339
RUS,SVK,0.071491589
RUS,ISL,0.07126998
RUS,IRL,0.070088576
RUS,UKR,0.069299709
RUS,ZWE,0.069135655
RUS,CYP,0.068127056
RUS,KOR,0.063953108
RUS,CAN,0.05792697
RUS,COG,0.057484837
RUS,TCD,0.055979321
RUS,BEL,0.055087376
RUS,JPN,0.054493737
RUS,NAM,0.052274718
RUS,ERI,0.052105043
RUS,GRD,0.047248214
RUS,CIV,0.042721367
RUS,GAB,0.04271156
RUS,BGD,0.039652249
RUS,AUS,0.037763342
RUS,BFA,0.037743991
RUS,PRT,0.034656178
RUS,THA,0.033359421
RUS,NIC,0.031268934
RUS,IRQ,0.029940012
RUS,BTN,0.027419394
RUS,USA,0.026984043
RUS,SDN,0.025770055
RUS,BRA,0.025510638
RUS,ESP,0.025052657
RUS,ARG,0.024532804
RUS,DZA,0.023893625
RUS,MLT,0.022225074
RUS,KHM,0.020210418
RUS,NZL,0.01953179
RUS,EST,0.01886672
RUS,OMN,0.017555258
RUS,MRT,0.01684559
RUS,MDV,0.015418756
RUS,ZMB,0.014955046
RUS,LBR,0.014404144
RUS,PAN,0.014195618
RUS,TWN,0.014118963
RUS,TTO,0.012553274
RUS,SMR,0.01035203
RUS,ISR,0.00869519
RUS,PRY,0.008281772
RUS,KNA,0.007597336
RUS,ZAF,0.007421316
RUS,COL,0.007304189
RUS,PER,0.005939752
RUS,LIE,0.005559268
RUS,GTM,0.005131881
RUS,BHR,0.004242782
RUS,ARE,0.003662076
RUS,MHL,0.003239898
RUS,HKG,0.002437687
RUS,VCT,0.002432203
RUS,CHE,0.001979935
RUS,MLI,0.001527679
RUS,CHN,0.001156399
RUS,MEX,0.001146091
RUS,LCA,0.00066014
RUS,NER,0.000600227
RUS,ECU,0.000507396
RUS,GEO,0.000133482
RUS,CRI,0.000103953
RUS,URY,2.58E-05
RUS,GNB,1.26E-05
RUS,QAT,1.17E-05
BRB,PSE,3.629605531
BRB,PNG,2.931494526
BRB,VNM,2.829958659
BRB,COL,1.932223776
BRB,ARE,1.677030293
BRB,SYC,1.493700706
BRB,WSM,1.043437965
BRB,ARM,1.00758035
BRB,FJI,0.968395474
BRB,LSO,0.815831812
BRB,BRA,0.746422584
BRB,FIN,0.711813608
BRB,SAU,0.669822663
BRB,PAK,0.625290684
BRB,NPL,0.495722899
BRB,KIR,0.484680251
BRB,GIN,0.473376053
BRB,SYR,0.438605061
BRB,MHL,0.431631599
BRB,RWA,0.424870815
BRB,MAR,0.383057912
BRB,MDV,0.381292938
BRB,URY,0.36940241
BRB,DZA,0.320167095
BRB,MRT,0.317864137
BRB,PER,0.304735764
BRB,SWE,0.274082284
BRB,IRN,0.263972653
BRB,BGD,0.21888985
BRB,PAN,0.217431164
BRB,RUS,0.212085486
BRB,LBN,0.196546856
BRB,POL,0.175051481
BRB,ITA,0.14487049
BRB,TZA,0.142543105
BRB,UGA,0.131445405
BRB,SVK,0.123044619
BRB,LKA,0.122291803
BRB,ISR,0.091771747
BRB,CPV,0.091223696
BRB,DNK,0.088829979
BRB,BDI,0.086693128
BRB,DEU,0.082055471
BRB,CHE,0.076861393
BRB,NOR,0.076588789
BRB,PRK,0.075732973
BRB,IRL,0.072320845
BRB,NGA,0.072031675
BRB,AFG,0.057445072
BRB,GRC,0.056808495
BRB,BGR,0.054650169
BRB,SLE,0.054098378
BRB,MUS,0.053351351
BRB,CHN,0.051669189
BRB,IDN,0.047513301
BRB,ARG,0.040423577
BRB,MYS,0.037779464
BRB,KNA,0.031932752
BRB,BEL,0.029076419
BRB,QAT,0.028315367
BRB,JPN,0.02492452
BRB,FRA,0.024343387
BRB,CYP,0.023503003
BRB,LUX,0.023030908
BRB,CHL,0.021848185
BRB,GHA,0.020580514
BRB,HTI,0.018560132
BRB,VEN,0.015182238
BRB,VCT,0.014441463
BRB,BLZ,0.014371723
BRB,MEX,0.014170428
BRB,DOM,0.012889701
BRB,USA,0.011435504
BRB,GBR,0.011083074
BRB,GUY,0.01093165
BRB,LBR,0.009031329
BRB,SLV,0.008834392
BRB,THA,0.008411086
BRB,ECU,0.006878211
BRB,BHS,0.006007986
BRB,DMA,0.005668666
BRB,JOR,0.005574166
BRB,GTM,0.004594932
BRB,TTO,0.004394183
BRB,LCA,0.003326991
BRB,CYM,0.003246408
BRB,BOL,0.003143371
BRB,CAN,0.002640762
BRB,CUB,0.002454288
BRB,SGP,0.002142942
BRB,BMU,0.002139738
BRB,KWT,0.002133966
BRB,ABW,0.001449111
BRB,CRI,0.001384858
BRB,NZL,0.001283823
BRB,KEN,0.001240886
BRB,AUS,0.001218982
BRB,UKR,0.001104897
BRB,ESP,0.001100879
BRB,GRD,0.001066812
BRB,ZAF,0.000689006
BRB,JAM,0.000660683
BRB,TUR,0.000600828
BRB,PRT,0.000570435
BRB,MCO,0.000549783
BRB,ATG,0.000235812
BRB,SUR,0.000229175
BRB,IND,0.000161371
BRB,PHL,0.000133658
BRB,EGY,3.28E-05
HND,RUS,3.494743958
HND,DEU,1.421918308
HND,JAM,0.987424517
HND,BEL,0.867208921
HND,ARE,0.771074749
HND,NLD,0.705781459
HND,ISR,0.695869831
HND,PHL,0.680875703
HND,ZAF,0.609301016
HND,HTI,0.571941409
HND,BHS,0.553559551
HND,TWN,0.503903795
HND,UKR,0.444132476
HND,PRK,0.372668811
HND,AUT,0.325785775
HND,MYS,0.322650557
HND,TTO,0.306363371
HND,CAN,0.267262539
HND,VEN,0.262474976
HND,CYM,0.262449301
HND,CUB,0.247518061
HND,POL,0.174126214
HND,URY,0.15356863
HND,EGY,0.147977672
HND,FIN,0.130582315
HND,NIC,0.127320462
HND,BOL,0.113848786
HND,SLV,0.113472022
HND,ECU,0.084412803
HND,PAK,0.079380306
HND,JOR,0.076427664
HND,PRY,0.072921649
HND,DOM,0.069318597
HND,IND,0.068389979
HND,GTM,0.064784836
HND,PER,0.06224064
HND,ETH,0.060997486
HND,CHN,0.0550518
HND,ZWE,0.047095833
HND,PAN,0.043732466
HND,USA,0.043421058
HND,FRA,0.040541395
HND,CHE,0.039116729
HND,IDN,0.029050297
HND,ESP,0.027613207
HND,KEN,0.026627345
HND,MEX,0.026084439
HND,IRL,0.018426048
HND,CHL,0.010241171
HND,BLZ,0.008756275
HND,CRI,0.007601558
HND,SWE,0.007469358
HND,AUS,0.006401957
HND,VCT,0.005632079
HND,GBR,0.005061347
HND,BRA,0.00305405
HND,PRT,0.001834367
HND,COL,0.001295733
HND,NZL,0.001287121
HND,ARG,0.000659306
HND,KOR,0.000331844
HND,ITA,0.000166332
HND,THA,6.16E-05
TUN,DNK,1.110324643
TUN,GBR,1.093274268
TUN,CHN,0.863710027
TUN,IRL,0.82827557
TUN,NLD,0.660859459
TUN,POL,0.657966046
TUN,JPN,0.515971736
TUN,NOR,0.498035424
TUN,SWE,0.402175485
TUN,ITA,0.399183781
TUN,CHE,0.36046029
TUN,DEU,0.345122676
TUN,YEM,0.331585323
TUN,BGR,0.321687594
TUN,EGY,0.253479761
TUN,GRC,0.195745266
TUN,ESP,0.195352127
TUN,FIN,0.190861308
TUN,LBY,0.142611711
TUN,AUT,0.133601129
TUN,JOR,0.132542508
TUN,LUX,0.130755227
TUN,TUR,0.122170124
TUN,BEL,0.1109122
TUN,IRQ,0.107179695
TUN,MLT,0.096395161
TUN,LBN,0.093844103
TUN,FRA,0.088560914
TUN,QAT,0.087373698
TUN,MRT,0.07849062
TUN,DZA,0.071748679
TUN,PSE,0.053312083
TUN,KWT,0.044277189
TUN,BRA,0.042438013
TUN,SVK,0.036217888
TUN,CZE,0.032608215
TUN,PRT,0.019307564
TUN,AUS,0.017392007
TUN,HUN,0.016441221
TUN,BHR,0.015432545
TUN,MAR,0.010549252
TUN,USA,0.010178374
TUN,SAU,0.009782827
TUN,CAN,0.00546315
TUN,OMN,0.004899952
TUN,SYR,0.004064672
TUN,ARE,0.003756571
TUN,SRB,6.77E-05
TUN,SDN,2.47E-05
TUR,ATG,6.842561664
TUR,KNA,2.129141143
TUR,PLW,2.099538832
TUR,VUT,2.05235723
TUR,DMA,1.165962625
TUR,GRD,1.083891096
TUR,NPL,0.982709977
TUR,PNG,0.903783829
TUR,STP,0.664483389
TUR,JPN,0.621116078
TUR,LAO,0.546254999
TUR,NOR,0.542713365
TUR,ISL,0.480431755
TUR,LUX,0.477712387
TUR,BHS,0.468181953
TUR,LBR,0.45471643
TUR,SWZ,0.44597786
TUR,ITA,0.426362392
TUR,FIN,0.417972202
TUR,SWE,0.394869544
TUR,ESP,0.386582112
TUR,AND,0.382209203
TUR,MCO,0.378068522
TUR,PSE,0.374485825
TUR,SYR,0.370954099
TUR,PRK,0.323213494
TUR,ERI,0.304209035
TUR,IRL,0.299759157
TUR,LIE,0.289007651
TUR,HRV,0.283906984
TUR,LBY,0.282095071
TUR,VCT,0.278647712
TUR,NZL,0.270855449
TUR,KOR,0.270113901
TUR,CHE,0.265561757
TUR,HKG,0.262131028
TUR,AUT,0.259572566
TUR,BLZ,0.252095395
TUR,BRN,0.248343717
TUR,PRT,0.245724865
TUR,FRA,0.245428654
TUR,TTO,0.244661928
TUR,NLD,0.230292768
TUR,USA,0.22909709
TUR,AUS,0.222919245
TUR,BEL,0.208707764
TUR,URY,0.207137292
TUR,BHR,0.205039956
TUR,SGP,0.195965156
TUR,MUS,0.193537755
TUR,SUR,0.191320179
TUR,DNK,0.190267748
TUR,GBR,0.183862798
TUR,AFG,0.18367809
TUR,CAN,0.181103813
TUR,FJI,0.177146514
TUR,BRA,0.174869587
TUR,MMR,0.174360359
TUR,CUB,0.170757049
TUR,DEU,0.163445881
TUR,ARM,0.154555722
TUR,TZA,0.15085398
TUR,KEN,0.150138094
TUR,CZE,0.138709478
TUR,GRC,0.133311795
TUR,POL,0.122322487
TUR,JOR,0.109608496
TUR,IND,0.106430278
TUR,ISR,0.10099186
TUR,OMN,0.097320396
TUR,THA,0.094692421
TUR,HUN,0.092057728
TUR,SRB,0.089323537
TUR,GTM,0.085790726
TUR,KWT,0.08056996
TUR,LVA,0.080442989
TUR,UKR,0.077705776
TUR,EGY,0.075389455
TUR,SAU,0.073121374
TUR,TJK,0.072371007
TUR,AGO,0.072343303
TUR,GAB,0.070050466
TUR,MLT,0.069297582
TUR,NGA,0.069174389
TUR,SLB,0.068872122
TUR,TGO,0.067817215
TUR,JAM,0.060206807
TUR,MOZ,0.060012568
TUR,ARE,0.058949062
TUR,BWA,0.058534753
TUR,HND,0.057801643
TUR,MYS,0.057668069
TUR,IRQ,0.05552836
TUR,BGD,0.05504664
TUR,LSO,0.052511234
TUR,PAN,0.052333193
TUR,COD,0.047654452
TUR,CHL,0.046615569
TUR,CYP,0.046563158
TUR,CAF,0.046482714
TUR,BDI,0.045996505
TUR,SLV,0.044610229
TUR,MEX,0.042519127
TUR,CMR,0.042491653
TUR,PRY,0.042327593
TUR,EST,0.041524549
TUR,CIV,0.040742278
TUR,NER,0.040651013
TUR,COM,0.039193215
TUR,ZAF,0.038509897
TUR,GHA,0.038204914
TUR,BFA,0.037932103
TUR,ARG,0.036114715
TUR,QAT,0.034560449
TUR,CHN,0.033944378
TUR,BRB,0.032980346
TUR,SVK,0.032778537
TUR,BEN,0.032602232
TUR,VNM,0.031701329
TUR,IDN,0.030723411
TUR,LKA,0.028922726
TUR,ZWE,0.028569586
TUR,ZMB,0.028486754
TUR,DJI,0.028181472
TUR,CRI,0.026481005
TUR,TUN,0.026353023
TUR,GUY,0.024888321
TUR,MRT,0.024881226
TUR,PAK,0.023396837
TUR,GIN,0.022959055
TUR,YEM,0.022797215
TUR,SDN,0.021140222
TUR,BGR,0.02088662
TUR,COG,0.020839597
TUR,UGA,0.020825716
TUR,MKD,0.0205204
TUR,SEN,0.020115794
TUR,TWN,0.020033588
TUR,WSM,0.018574445
TUR,KAZ,0.018097543
TUR,KHM,0.018065471
TUR,GNQ,0.017539627
TUR,MDV,0.01647331
TUR,MNG,0.016216374
TUR,IRN,0.015586282
TUR,MDG,0.014803288
TUR,PHL,0.014187854
TUR,MLI,0.013892645
TUR,COL,0.013174386
TUR,AZE,0.012942746
TUR,BOL,0.009051576
TUR,GMB,0.008405735
TUR,NIC,0.008309917
TUR,BTN,0.007588245
TUR,RWA,0.007405598
TUR,PER,0.006605822
TUR,TCD,0.006456884
TUR,MDA,0.005636426
TUR,KGZ,0.005111925
TUR,SOM,0.00435512
TUR,TUV,0.004222962
TUR,ECU,0.003957919
TUR,LTU,0.003836461
TUR,NAM,0.003823364
TUR,LBN,0.003554249
TUR,MWI,0.002729855
TUR,TKM,0.001402294
TUR,LCA,0.001212537
TUR,SYC,0.001180116
TUR,HTI,0.001120041
TUR,BLR,0.0006386
TUR,MAR,0.000533754
TUR,ETH,0.000178272
TUR,GEO,0.000110974
TUR,DZA,9.60E-05
TUR,VEN,6.50E-05
TUR,ALB,7.90E-06
TUR,SLE,2.06E-06
TUR,UZB,4.84E-07
PAN,TGO,4.925998512
PAN,MDV,3.052998015
PAN,CYM,2.057307063
PAN,YEM,2.050258615
PAN,FJI,1.180943495
PAN,NPL,1.180828158
PAN,TUR,0.992744528
PAN,LBY,0.978046541
PAN,TCD,0.881984912
PAN,AFG,0.737608369
PAN,ARE,0.566625502
PAN,CUB,0.541386065
PAN,BMU,0.530625779
PAN,MMR,0.510375037
PAN,COG,0.469214609
PAN,TZA,0.458717853
PAN,DJI,0.412101746
PAN,MCO,0.409710104
PAN,SOM,0.379551057
PAN,MNG,0.362219745
PAN,MOZ,0.346673589
PAN,ARM,0.274595441
PAN,PHL,0.252923161
PAN,CZE,0.213209621
PAN,ETH,0.205748299
PAN,ABW,0.176340788
PAN,BLZ,0.165547545
PAN,DOM,0.158099429
PAN,HTI,0.149579882
PAN,LUX,0.148802215
PAN,EGY,0.147001679
PAN,BWA,0.138880404
PAN,AZE,0.138330225
PAN,COL,0.13705112
PAN,VNM,0.133816478
PAN,LBR,0.131855909
PAN,KWT,0.130368727
PAN,QAT,0.128354655
PAN,CAN,0.128080827
PAN,SUR,0.128062839
PAN,MDG,0.124001348
PAN,LKA,0.113843376
PAN,CHN,0.11125925
PAN,LVA,0.105997755
PAN,NOR,0.103912869
PAN,NAM,0.102550117
PAN,AGO,0.101706775
PAN,GIN,0.101664442
PAN,WSM,0.100275913
PAN,IRN,0.098244239
PAN,RWA,0.089988858
PAN,COD,0.088213099
PAN,GHA,0.082045245
PAN,CHL,0.081738705
PAN,POL,0.078202049
PAN,PAK,0.070194992
PAN,BHS,0.069632213
PAN,SEN,0.069460803
PAN,SWE,0.067190576
PAN,CIV,0.064893976
PAN,OMN,0.062967607
PAN,UZB,0.061246073
PAN,BOL,0.059858919
PAN,LBN,0.05931317
PAN,DMA,0.058622947
PAN,NGA,0.057287096
PAN,BRA,0.051910715
PAN,MLT,0.049853726
PAN,UKR,0.049692671
PAN,SVK,0.048971714
PAN,THA,0.048632917
PAN,MEX,0.048374224
PAN,ISR,0.044483446
PAN,GNB,0.04422479
PAN,VCT,0.041923151
PAN,KNA,0.038562296
PAN,ZWE,0.035303465
PAN,ISL,0.033906061
PAN,PRY,0.033540554
PAN,NZL,0.032104281
PAN,JOR,0.030945726
PAN,PRT,0.030361397
PAN,MAR,0.030130572
PAN,DEU,0.028668722
PAN,AND,0.027659362
PAN,TTO,0.027241122
PAN,ECU,0.025942417
PAN,USA,0.024833483
PAN,IDN,0.024166457
PAN,TWN,0.023108032
PAN,PER,0.022959837
PAN,AUS,0.022673785
PAN,ATG,0.021587648
PAN,DZA,0.021073166
PAN,FIN,0.020720135
PAN,ESP,0.020665742
PAN,JAM,0.019592223
PAN,IRQ,0.019497545
PAN,SDN,0.018694309
PAN,BEL,0.018292344
PAN,NIC,0.016425633
PAN,CYP,0.01550923
PAN,IND,0.015169204
PAN,GUY,0.014167202
PAN,KHM,0.014056236
PAN,SAU,0.013950142
PAN,MUS,0.011019053
PAN,GBR,0.010954367
PAN,KEN,0.010069064
PAN,MYS,0.009616918
PAN,BGD,0.009168653
PAN,NLD,0.008152931
PAN,DNK,0.006792281
PAN,GTM,0.006309509
PAN,SGP,0.006283678
PAN,PSE,0.005696852
PAN,BRB,0.005675166
PAN,KOR,0.005486008
PAN,MKD,0.005165728
PAN,GRC,0.004912817
PAN,PRK,0.004717641
PAN,TUN,0.004549045
PAN,JPN,0.004294616
PAN,UGA,0.003776065
PAN,CRI,0.003518211
PAN,GRD,0.003317063
PAN,KAZ,0.00325805
PAN,FRA,0.003134273
PAN,VEN,0.002815815
PAN,SLV,0.002596315
PAN,LIE,0.002576025
PAN,URY,0.002546251
PAN,BGR,0.002228086
PAN,ZAF,0.002076493
PAN,SYR,0.002070281
PAN,RUS,0.001894163
PAN,SRB,0.001846446
PAN,LCA,0.001533836
PAN,HUN,0.001213845
PAN,AUT,0.001111343
PAN,ARG,0.000906041
PAN,HND,0.000564426
PAN,CHE,0.000421598
PAN,IRL,0.000148249
PAN,ITA,4.31E-05
RWA,MAR,3.171096925
RWA,SYR,2.651567904
RWA,BOL,2.156115777
RWA,KAZ,1.762155967
RWA,CUB,1.716059772
RWA,URY,1.55924445
RWA,MLT,1.174739205
RWA,KHM,0.819623924
RWA,AZE,0.804321993
RWA,TUR,0.797154952
RWA,MDV,0.768934265
RWA,BHS,0.634289942
RWA,GTM,0.584552912
RWA,DJI,0.519735585
RWA,ISL,0.517150767
RWA,HND,0.40655082
RWA,SAU,0.401909252
RWA,NAM,0.378685705
RWA,LBN,0.366772516
RWA,ISR,0.355619501
RWA,PRK,0.336743268
RWA,THA,0.31865477
RWA,GNB,0.261561717
RWA,TWN,0.256624267
RWA,IRQ,0.256027476
RWA,ECU,0.224339648
RWA,AGO,0.223439051
RWA,SLE,0.221728646
RWA,QAT,0.205172185
RWA,IND,0.197748062
RWA,JAM,0.195792957
RWA,GRC,0.18711537
RWA,KWT,0.182072085
RWA,CPV,0.181912029
RWA,MDG,0.17484041
RWA,ITA,0.173533182
RWA,GNQ,0.16637501
RWA,VNM,0.149306854
RWA,PSE,0.146093514
RWA,YEM,0.131969893
RWA,SYC,0.130347762
RWA,HTI,0.127193112
RWA,CRI,0.125903987
RWA,BTN,0.123838574
RWA,MRT,0.1211418
RWA,SLV,0.112701241
RWA,PER,0.098243382
RWA,LTU,0.096967031
RWA,BWA,0.0930934
RWA,BGD,0.092790009
RWA,BLR,0.084789239
RWA,SRB,0.075275716
RWA,TZA,0.072339282
RWA,MOZ,0.072071768
RWA,CMR,0.069383312
RWA,SDN,0.06744925
RWA,MWI,0.066630226
RWA,HRV,0.063002444
RWA,NER,0.062929298
RWA,KEN,0.059565174
RWA,ARG,0.057782464
RWA,IRN,0.055695052
RWA,GUY,0.054089002
RWA,MLI,0.049636762
RWA,UGA,0.04944164
RWA,COL,0.048983053
RWA,GMB,0.04850489
RWA,BFA,0.047760901
RWA,LKA,0.046186075
RWA,COD,0.04610151
RWA,OMN,0.045473204
RWA,PAK,0.043006884
RWA,POL,0.042947819
RWA,GBR,0.042852913
RWA,MYS,0.037252156
RWA,DEU,0.035250365
RWA,NPL,0.029166519
RWA,KOR,0.028774463
RWA,AFG,0.028458369
RWA,PRT,0.027840556
RWA,ZAF,0.027198569
RWA,NOR,0.02563049
RWA,ERI,0.02259917
RWA,SWE,0.022213925
RWA,ETH,0.021909936
RWA,FRA,0.021576099
RWA,CYP,0.02066196
RWA,MDA,0.019729289
RWA,BRB,0.01886659
RWA,BEL,0.018825458
RWA,EGY,0.018809763
RWA,ZMB,0.018282246
RWA,BRA,0.018042511
RWA,ESP,0.016932876
RWA,NGA,0.016391168
RWA,LSO,0.016146318
RWA,CHL,0.015708871
RWA,UKR,0.015043278
RWA,NLD,0.015009571
RWA,SVK,0.01454012
RWA,DOM,0.013116297
RWA,DNK,0.011797672
RWA,ZWE,0.011433578
RWA,AUS,0.011323152
RWA,CAN,0.010059735
RWA,LBR,0.007736213
RWA,MMR,0.007682619
RWA,PHL,0.007403118
RWA,CHN,0.007274391
RWA,DZA,0.005992784
RWA,ARM,0.005871401
RWA,COM,0.005588781
RWA,IDN,0.005112016
RWA,NZL,0.005028878
RWA,SEN,0.004989325
RWA,SOM,0.004957875
RWA,USA,0.004859746
RWA,IRL,0.004551983
RWA,LVA,0.004268391
RWA,FIN,0.004130886
RWA,SWZ,0.003899881
RWA,AUT,0.003573693
RWA,HUN,0.003470475
RWA,BGR,0.003086462
RWA,SGP,0.003038032
RWA,CHE,0.002764042
RWA,GAB,0.002265277
RWA,JPN,0.001612481
RWA,LBY,0.001371205
RWA,TUN,0.001258649
RWA,BEN,0.001235522
RWA,CAF,0.001076328
RWA,CZE,0.000635295
RWA,JOR,0.000612612
RWA,CIV,0.000588752
RWA,MEX,0.000456452
RWA,TTO,0.000412743
RWA,RUS,0.000384657
RWA,LUX,0.000304862
RWA,GHA,0.000272007
RWA,MUS,0.00013852
RWA,MNG,7.97E-05
RWA,TCD,4.53E-05
RWA,TGO,4.11E-05
RWA,BDI,3.71E-05
COL,TJK,7.832108516
COL,MNG,3.811297175
COL,TCD,2.054578377
COL,GIN,1.568398006
COL,MUS,0.960205222
COL,COD,0.913226343
COL,TUR,0.885909267
COL,AFG,0.881792334
COL,LAO,0.831672953
COL,MDV,0.813657167
COL,ATG,0.613314114
COL,KHM,0.556393164
COL,TZA,0.507400725
COL,LBR,0.432930487
COL,VEN,0.412972735
COL,SLE,0.412032427
COL,NER,0.405923367
COL,SDN,0.392467176
COL,BWA,0.391316302
COL,SYC,0.342011771
COL,AZE,0.32281876
COL,BRB,0.270894164
COL,TGO,0.245290024
COL,NAM,0.23610169
COL,PAN,0.231745214
COL,SEN,0.225766498
COL,PRK,0.225494224
COL,FSM,0.212154009
COL,ETH,0.192091572
COL,MLT,0.181186236
COL,FJI,0.17634934
COL,ARM,0.166500965
COL,TKM,0.16230269
COL,PLW,0.157223481
COL,BHS,0.152707827
COL,KGZ,0.148823804
COL,TUN,0.142015896
COL,GMB,0.139901427
COL,VNM,0.134404683
COL,YEM,0.130519082
COL,CUB,0.130167698
COL,PSE,0.127426875
COL,KEN,0.120819643
COL,CAF,0.111058954
COL,RWA,0.102906398
COL,THA,0.100511548
COL,KAZ,0.100501307
COL,OMN,0.08452377
COL,BDI,0.083610109
COL,SUR,0.082875262
COL,TTO,0.080923959
COL,EST,0.076146741
COL,BLR,0.075671882
COL,PRY,0.073088471
COL,BEN,0.069379856
COL,ARE,0.067094064
COL,SVK,0.05662235
COL,UGA,0.056469445
COL,PAK,0.055366176
COL,JOR,0.055359143
COL,SOM,0.054986659
COL,PNG,0.054938354
COL,BHR,0.054145631
COL,CIV,0.052467225
COL,CHN,0.050876102
COL,CPV,0.050619925
COL,SWZ,0.043683636
COL,JPN,0.042310343
COL,BMU,0.042041191
COL,FIN,0.041251908
COL,BRN,0.036446571
COL,IND,0.03609203
COL,MAR,0.035262515
COL,RUS,0.03300022
COL,BGR,0.031382575
COL,SRB,0.030746916
COL,MOZ,0.030680577
COL,GRD,0.029588889
COL,ZAF,0.029039706
COL,LVA,0.028187209
COL,BRA,0.027379437
COL,IRN,0.025360982
COL,SAU,0.025299247
COL,NGA,0.024269766
COL,GTM,0.023450314
COL,MYS,0.022984939
COL,BLZ,0.022976462
COL,BOL,0.021465754
COL,NLD,0.021265415
COL,LTU,0.021220381
COL,CZE,0.020915289
COL,HTI,0.020755998
COL,DNK,0.018166615
COL,SLV,0.017455486
COL,BEL,0.017414632
COL,LCA,0.017029825
COL,GBR,0.016838071
COL,GNB,0.01580517
COL,CRI,0.01452875
COL,LKA,0.014407736
COL,JAM,0.013794336
COL,KWT,0.013343985
COL,ESP,0.012930822
COL,WSM,0.012642822
COL,AGO,0.012458167
COL,NPL,0.011872457
COL,ISL,0.011800185
COL,MEX,0.011752811
COL,COG,0.011722911
COL,KOR,0.011622782
COL,PER,0.011586444
COL,TWN,0.011534329
COL,IRL,0.011502161
COL,CYM,0.011256702
COL,PRT,0.011074231
COL,HND,0.010522916
COL,SYR,0.010476631
COL,MCO,0.00988646
COL,FRA,0.009010635
COL,DZA,0.008748154
COL,GHA,0.008492502
COL,MLI,0.006645721
COL,ISR,0.0062998
COL,LBN,0.005588323
COL,DOM,0.005568784
COL,EGY,0.005224123
COL,ZMB,0.005120979
COL,IRQ,0.004981224
COL,NIC,0.004927062
COL,ARG,0.004640127
COL,AUT,0.004434844
COL,URY,0.004071421
COL,BGD,0.004047474
COL,CYP,0.004008766
COL,VCT,0.003889286
COL,IDN,0.003721784
COL,QAT,0.003352638
COL,AUS,0.003159857
COL,CMR,0.003096528
COL,KNA,0.002970942
COL,CAN,0.002966402
COL,SGP,0.00295272
COL,DMA,0.002261293
COL,LUX,0.002057051
COL,ERI,0.002007869
COL,ZWE,0.001626325
COL,HRV,0.00161008
COL,ABW,0.001531295
COL,POL,0.001040625
COL,ITA,0.000863931
COL,NOR,0.000740677
COL,GRC,0.000612743
COL,SWE,0.000531452
COL,MMR,0.000500203
COL,MDA,0.000435524
COL,CHL,0.000369205
COL,GUY,0.000353405
COL,USA,0.000232186
COL,ECU,0.000225553
COL,UKR,0.000173304
COL,PHL,0.000145162
COL,HUN,6.88E-05
COL,ALB,5.89E-05
COL,DEU,3.66E-05
COL,MDG,3.51E-05
COL,NZL,2.78E-05
COL,CHE,2.08E-05
ISL,USA,0.777921668
ISL,CHN,0.616313498
ISL,POL,0.493029977
ISL,CAN,0.34201005
ISL,ESP,0.278751705
ISL,NOR,0.084443328
ISL,ITA,0.080207009
ISL,GBR,0.058239177
ISL,RUS,0.047046817
ISL,NLD,0.045892161
ISL,DEU,0.040946295
ISL,FRA,0.028332127
ISL,JPN,0.027885436
ISL,DNK,0.021987012
ISL,CHE,0.013846612
ISL,FIN,0.003994125
ISL,SWE,8.13E-06
MMR,HKG,2.187176527
MMR,CHN,1.232596
MMR,IDN,0.156590465
MMR,VNM,0.129885916
MMR,SWE,0.085691997
MMR,BGD,0.066130838
MMR,MYS,0.038710567
MMR,ESP,0.034243377
MMR,DNK,0.033183185
MMR,THA,0.024851912
MMR,PAK,0.024079693
MMR,KOR,0.023497206
MMR,TWN,0.023056661
MMR,AUT,0.018789207
MMR,AUS,0.016473733
MMR,CAN,0.013540935
MMR,CHE,0.011146009
MMR,GBR,0.01038447
MMR,BEL,0.009495392
MMR,USA,0.008719985
MMR,NZL,0.008567153
MMR,RUS,0.00809229
MMR,PHL,0.006932889
MMR,JPN,0.005384832
MMR,DEU,0.004304663
MMR,NLD,0.003119296
MMR,SGP,0.002245272
MMR,ITA,0.001921035
MMR,IND,0.000708727
MMR,FRA,0.00021303
GRC,EGY,1.215636383
GRC,MLT,0.931842699
GRC,JPN,0.270052674
GRC,RUS,0.263718428
GRC,ISR,0.247016883
GRC,ISL,0.2424257
GRC,SRB,0.146455309
GRC,MEX,0.13201873
GRC,MKD,0.126403086
GRC,HRV,0.085624433
GRC,FIN,0.078875681
GRC,LBN,0.076159105
GRC,AUS,0.070534854
GRC,ESP,0.060371071
GRC,BGR,0.053372783
GRC,NOR,0.050017472
GRC,FRA,0.047750971
GRC,EST,0.04684671
GRC,HUN,0.043954601
GRC,ARG,0.031684453
GRC,ALB,0.028724706
GRC,ZAF,0.027814564
GRC,LTU,0.025484436
GRC,IRL,0.02404945
GRC,KOR,0.023736218
GRC,CZE,0.0234621
GRC,LVA,0.017252066
GRC,DNK,0.012171859
GRC,CHE,0.01189431
GRC,LUX,0.009714309
GRC,TUR,0.00697521
GRC,CHN,0.005739196
GRC,USA,0.004414633
GRC,DEU,0.004281604
GRC,CYP,0.00326522
GRC,SVK,0.0030875
GRC,PRT,0.002684818
GRC,GBR,0.00149021
GRC,NLD,0.001323967
GRC,BEL,0.001115812
GRC,SWE,0.000890334
GRC,ITA,0.000722402
GRC,AUT,0.000368757
GRC,POL,2.27E-05
GRC,BRA,3.65E-06
GRC,CAN,3.35E-06
LSO,IRL,0.374374798
LSO,UGA,0.226171803
LSO,DEU,0.196422159
LSO,MOZ,0.169828695
LSO,KEN,0.165519451
LSO,AUS,0.152628822
LSO,ITA,0.10852522
LSO,NLD,0.064438393
LSO,ZMB,0.047539103
LSO,DNK,0.043769312
LSO,GBR,0.036159473
LSO,SWE,0.014002711
LSO,USA,0.010727526
LSO,ZAF,0.009319566
LSO,CAN,0.005969163
LSO,FRA,0.003134446
LSO,SWZ,0.002941402
LSO,BWA,0.00042379
VCT,NOR,0.323020552
VCT,NLD,0.180976523
VCT,DEU,0.150237064
VCT,GBR,0.130376842
VCT,IRL,0.091950796
VCT,CHE,0.066945911
VCT,ITA,0.050358958
VCT,FRA,0.042580937
VCT,SWE,0.035247323
VCT,ATG,0.024662089
VCT,GRD,0.017728977
VCT,BRB,0.014663291
VCT,LCA,0.01300493
VCT,USA,0.012527165
VCT,CAN,0.011882652
VCT,ESP,0.008368483
VCT,TTO,0.001360431
JPN,ARG,0.83580813
JPN,CHN,0.6627262
JPN,KOR,0.254903843
JPN,VNM,0.242079824
JPN,MAC,0.236409009
JPN,CHL,0.232228016
JPN,HKG,0.205095361
JPN,KHM,0.200138646
JPN,PHL,0.195737282
JPN,NGA,0.164894828
JPN,IDN,0.137959686
JPN,MEX,0.104435613
JPN,LKA,0.083674531
JPN,VEN,0.073825452
JPN,SLV,0.05963619
JPN,COL,0.05382938
JPN,LUX,0.053127211
JPN,ECU,0.048069712
JPN,MYS,0.043459917
JPN,SGP,0.041926665
JPN,ISR,0.037928292
JPN,ARE,0.037299398
JPN,EGY,0.030484365
JPN,POL,0.02886291
JPN,PER,0.026215702
JPN,CAN,0.025142045
JPN,BEL,0.024090431
JPN,MMR,0.023694118
JPN,HRV,0.02288714
JPN,ESP,0.022636369
JPN,BRN,0.020282097
JPN,AUS,0.020203462
JPN,TWN,0.019345997
JPN,NPL,0.016515037
JPN,PRT,0.015308831
JPN,CZE,0.0128629
JPN,NLD,0.012549301
JPN,SAU,0.011969927
JPN,ITA,0.011886774
JPN,BOL,0.008818571
JPN,USA,0.008484385
JPN,BGD,0.008333527
JPN,THA,0.007974676
JPN,NZL,0.007753449
JPN,IRN,0.00720249
JPN,FRA,0.005544126
JPN,IND,0.005133066
JPN,RUS,0.005060022
JPN,SWE,0.003260983
JPN,GHA,0.003115093
JPN,LBN,0.002688098
JPN,BGR,0.002642725
JPN,LAO,0.002622763
JPN,SVK,0.002574917
JPN,FIN,0.002502958
JPN,PAK,0.002314912
JPN,GRC,0.001953208
JPN,IRL,0.001180062
JPN,BRA,0.001171482
JPN,ISL,0.00116231
JPN,TUR,0.001133447
JPN,CHE,0.000941608
JPN,ZAF,0.000850968
JPN,GBR,0.000834401
JPN,UKR,0.000817282
JPN,HUN,0.00053898
JPN,DEU,0.00034875
JPN,DNK,0.000229828
JPN,NOR,7.66E-05
JPN,AUT,5.18E-05
JPN,MNG,1.07E-05
KNA,CAN,0.123009571
KNA,USA,0.040625769
KNA,GBR,0.015657448
TWN,THA,0.321526135
TWN,CHN,0.15340732
TWN,PHL,0.136055102
TWN,KOR,0.094470415
TWN,BRA,0.044091144
TWN,IDN,0.035452833
TWN,SWE,0.032727727
TWN,RUS,0.021348688
TWN,GBR,0.01956798
TWN,SGP,0.019153356
TWN,NZL,0.017502803
TWN,IND,0.016760821
TWN,AUS,0.016632005
TWN,MYS,0.014278971
TWN,HKG,0.01398846
TWN,JPN,0.011296401
TWN,AUT,0.009153321
TWN,ITA,0.007215341
TWN,ZAF,0.00452566
TWN,DEU,0.004069631
TWN,CHE,0.003221996
TWN,ESP,0.002333565
TWN,GRC,0.002186683
TWN,FRA,0.002131586
TWN,CAN,0.000426779
TWN,NLD,0.000133618
TWN,BEL,5.45E-05
TWN,MEX,1.65E-05
TWN,ARG,2.93E-07
GBR,EGY,0.163761044
GBR,SRB,0.156363291
GBR,LVA,0.122864094
GBR,EST,0.117673998
GBR,NOR,0.116418089
GBR,NGA,0.083352409
GBR,ISL,0.07280095
GBR,GRC,0.072666009
GBR,LUX,0.062274727
GBR,PAK,0.060049096
GBR,SWE,0.059230947
GBR,BRA,0.056121375
GBR,FRA,0.055907782
GBR,CHN,0.054308172
GBR,KOR,0.05342131
GBR,BEL,0.040692224
GBR,AUS,0.039739307
GBR,FIN,0.038866991
GBR,ITA,0.035147564
GBR,RUS,0.033724004
GBR,DEU,0.032129307
GBR,NLD,0.027617931
GBR,ZAF,0.027142343
GBR,HRV,0.026889455
GBR,LTU,0.026690173
GBR,MLT,0.026276297
GBR,DNK,0.022740779
GBR,CHL,0.021863608
GBR,SAU,0.019252058
GBR,MEX,0.018698187
GBR,MYS,0.018369814
GBR,NZL,0.017234032
GBR,JPN,0.0170047
GBR,CZE,0.01663733
GBR,CHE,0.016176084
GBR,AUT,0.013011188
GBR,KWT,0.011993623
GBR,IDN,0.01104461
GBR,TUR,0.010585002
GBR,IRL,0.007435073
GBR,BGR,0.006866923
GBR,THA,0.006716337
GBR,ARG,0.005921286
GBR,ESP,0.005517078
GBR,TWN,0.005493646
GBR,KEN,0.005375455
GBR,OMN,0.004699364
GBR,POL,0.004389807
GBR,BHR,0.003081709
GBR,CYP,0.003073176
GBR,CAN,0.002098031
GBR,UKR,0.002062102
GBR,ARE,0.002037584
GBR,PRT,0.001947817
GBR,HUN,0.001931626
GBR,SGP,0.001916282
GBR,IND,0.001050733
GBR,USA,0.001048901
GBR,HKG,0.000921908
GBR,ISR,0.000597442
GBR,QAT,3.90E-05
GBR,PHL,2.64E-05
GBR,SVK,6.36E-06
PRI,USA,0.014964095
